DriverNumber,BroadcastName,Abbreviation,DriverId,TeamName,TeamColor,TeamId,FirstName,LastName,FullName,HeadshotUrl,CountryCode,Position,ClassifiedPosition,GridPosition,Q1,Q2,Q3,Time,Status,Points,Laps,Year,EventName,RoundNumber,RacePoints,SprintPoints,TotalEventPoints
63,G RUSSELL,RUS,russell,Mercedes,00D7B6,mercedes,George,Russell,George Russell,https://media.formula1.com/d_driver_fallback_image.png/content/dam/fom-website/drivers/G/GEORUS01_George_Russell/georus01.png.transform/1col/image.png,,1.0,1,1.0,,,,0 days 01:23:06.801000,Finished,25.0,58.0,2026,Australian Grand Prix,1,25.0,0.0,25.0
12,K ANTONELLI,ANT,antonelli,Mercedes,00D7B6,mercedes,Kimi,Antonelli,Kimi Antonelli,https://media.formula1.com/d_driver_fallback_image.png/content/dam/fom-website/drivers/K/ANDANT01_Kimi_Antonelli/andant01.png.transform/1col/image.png,,2.0,2,2.0,,,,0 days 00:00:02.974000,Finished,18.0,58.0,2026,Australian Grand Prix,1,18.0,0.0,18.0
16,C LECLERC,LEC,leclerc,Ferrari,ED1131,ferrari,Charles,Leclerc,Charles Leclerc,https://media.formula1.com/d_driver_fallback_image.png/content/dam/fom-website/drivers/C/CHALEC01_Charles_Leclerc/chalec01.png.transform/1col/image.png,,3.0,3,4.0,,,,0 days 00:00:15.519000,Finished,15.0,58.0,2026,Australian Grand Prix,1,15.0,0.0,15.0
44,L HAMILTON,HAM,hamilton,Ferrari,ED1131,ferrari,Lewis,Hamilton,Lewis Hamilton,https://media.formula1.com/d_driver_fallback_image.png/content/dam/fom-website/drivers/L/LEWHAM01_Lewis_Hamilton/lewham01.png.transform/1col/image.png,,4.0,4,7.0,,,,0 days 00:00:16.144000,Finished,12.0,58.0,2026,Australian Grand Prix,1,12.0,0.0,12.0
1,L NORRIS,NOR,norris,McLaren,F47600,mclaren,Lando,Norris,Lando Norris,https://media.formula1.com/d_driver_fallback_image.png/content/dam/fom-website/drivers/L/LANNOR01_Lando_Norris/lannor01.png.transform/1col/image.png,,5.0,5,6.0,,,,0 days 00:00:51.741000,Finished,10.0,58.0,2026,Australian Grand Prix,1,10.0,0.0,10.0
3,M VERSTAPPEN,VER,max_verstappen,Red Bull Racing,4781D7,red_bull,Max,Verstappen,Max Verstappen,https://media.formula1.com/d_driver_fallback_image.png/content/dam/fom-website/drivers/M/MAXVER01_Max_Verstappen/maxver01.png.transform/1col/image.png,,6.0,6,20.0,,,,0 days 00:00:54.617000,Finished,8.0,58.0,2026,Australian Grand Prix,1,8.0,0.0,8.0
87,O BEARMAN,BEA,bearman,Haas F1 Team,9C9FA2,haas,Oliver,Bearman,Oliver Bearman,https://media.formula1.com/d_driver_fallback_image.png/content/dam/fom-website/drivers/O/OLIBEA01_Oliver_Bearman/olibea01.png.transform/1col/image.png,,7.0,7,12.0,,,,0 days 00:00:04.593000,Lapped,6.0,57.0,2026,Australian Grand Prix,1,6.0,0.0,6.0
41,A LINDBLAD,LIN,arvid_lindblad,Racing Bulls,6C98FF,rb,Arvid,Lindblad,Arvid Lindblad,https://media.formula1.com/d_driver_fallback_image.png/content/dam/fom-website/drivers/A/ARVLIN01_Arvid_Lindblad/arvlin01.png.transform/1col/image.png,,8.0,8,9.0,,,,0 days 00:00:11.816000,Lapped,4.0,57.0,2026,Australian Grand Prix,1,4.0,0.0,4.0
5,G BORTOLETO,BOR,bortoleto,Audi,F50537,audi,Gabriel,Bortoleto,Gabriel Bortoleto,https://media.formula1.com/d_driver_fallback_image.png/content/dam/fom-website/drivers/G/GABBOR01_Gabriel_Bortoleto/gabbor01.png.transform/1col/image.png,,9.0,9,10.0,,,,0 days 00:00:12.775000,Lapped,2.0,57.0,2026,Australian Grand Prix,1,2.0,0.0,2.0
10,P GASLY,GAS,gasly,Alpine,00A1E8,alpine,Pierre,Gasly,Pierre Gasly,https://media.formula1.com/d_driver_fallback_image.png/content/dam/fom-website/drivers/P/PIEGAS01_Pierre_Gasly/piegas01.png.transform/1col/image.png,,10.0,10,14.0,,,,0 days 00:00:29.027000,Lapped,1.0,57.0,2026,Australian Grand Prix,1,1.0,0.0,1.0
31,E OCON,OCO,ocon,Haas F1 Team,9C9FA2,haas,Esteban,Ocon,Esteban Ocon,https://media.formula1.com/d_driver_fallback_image.png/content/dam/fom-website/drivers/E/ESTOCO01_Esteban_Ocon/estoco01.png.transform/1col/image.png,,11.0,11,13.0,,,,0 days 00:00:29.850000,Lapped,0.0,57.0,2026,Australian Grand Prix,1,0.0,0.0,0.0
23,A ALBON,ALB,albon,Williams,1868DB,williams,Alexander,Albon,Alexander Albon,https://media.formula1.com/d_driver_fallback_image.png/content/dam/fom-website/drivers/A/ALEALB01_Alexander_Albon/alealb01.png.transform/1col/image.png,,12.0,12,15.0,,,,0 days 00:00:56.075000,Lapped,0.0,57.0,2026,Australian Grand Prix,1,0.0,0.0,0.0
30,L LAWSON,LAW,lawson,Racing Bulls,6C98FF,rb,Liam,Lawson,Liam Lawson,https://media.formula1.com/d_driver_fallback_image.png/content/dam/fom-website/drivers/L/LIALAW01_Liam_Lawson/lialaw01.png.transform/1col/image.png,,13.0,13,8.0,,,,0 days 00:00:57.173000,Lapped,0.0,57.0,2026,Australian Grand Prix,1,0.0,0.0,0.0
43,F COLAPINTO,COL,colapinto,Alpine,00A1E8,alpine,Franco,Colapinto,Franco Colapinto,https://media.formula1.com/d_driver_fallback_image.png/content/dam/fom-website/drivers/F/FRACOL01_Franco_Colapinto/fracol01.png.transform/1col/image.png,,14.0,14,16.0,,,,0 days 00:00:08.487000,Lapped,0.0,56.0,2026,Australian Grand Prix,1,0.0,0.0,0.0
55,C SAINZ,SAI,sainz,Williams,1868DB,williams,Carlos,Sainz,Carlos Sainz,https://media.formula1.com/d_driver_fallback_image.png/content/dam/fom-website/drivers/C/CARSAI01_Carlos_Sainz/carsai01.png.transform/1col/image.png,,15.0,15,21.0,,,,0 days 00:00:36.886000,Lapped,0.0,56.0,2026,Australian Grand Prix,1,0.0,0.0,0.0
11,S PEREZ,PER,perez,Cadillac,909090,cadillac,Sergio,Perez,Sergio Perez,https://media.formula1.com/d_driver_fallback_image.png/content/dam/fom-website/drivers/S/SERPER01_Sergio_Perez/serper01.png.transform/1col/image.png,,16.0,16,18.0,,,,0 days 00:00:07.850000,Lapped,0.0,55.0,2026,Australian Grand Prix,1,0.0,0.0,0.0
18,L STROLL,STR,stroll,Aston Martin,229971,aston_martin,Lance,Stroll,Lance Stroll,https://media.formula1.com/d_driver_fallback_image.png/content/dam/fom-website/drivers/L/LANSTR01_Lance_Stroll/lanstr01.png.transform/1col/image.png,,17.0,R,22.0,,,,,Lapped,0.0,43.0,2026,Australian Grand Prix,1,0.0,0.0,0.0
14,F ALONSO,ALO,alonso,Aston Martin,229971,aston_martin,Fernando,Alonso,Fernando Alonso,https://media.formula1.com/d_driver_fallback_image.png/content/dam/fom-website/drivers/F/FERALO01_Fernando_Alonso/feralo01.png.transform/1col/image.png,,18.0,R,17.0,,,,,Retired,0.0,21.0,2026,Australian Grand Prix,1,0.0,0.0,0.0
77,V BOTTAS,BOT,bottas,Cadillac,909090,cadillac,Valtteri,Bottas,Valtteri Bottas,https://media.formula1.com/d_driver_fallback_image.png/content/dam/fom-website/drivers/V/VALBOT01_Valtteri_Bottas/valbot01.png.transform/1col/image.png,,19.0,R,19.0,,,,,Retired,0.0,15.0,2026,Australian Grand Prix,1,0.0,0.0,0.0
6,I HADJAR,HAD,hadjar,Red Bull Racing,4781D7,red_bull,Isack,Hadjar,Isack Hadjar,https://media.formula1.com/d_driver_fallback_image.png/content/dam/fom-website/drivers/I/ISAHAD01_Isack_Hadjar/isahad01.png.transform/1col/image.png,,20.0,R,3.0,,,,,Retired,0.0,10.0,2026,Australian Grand Prix,1,0.0,0.0,0.0
81,O PIASTRI,PIA,piastri,McLaren,F47600,mclaren,Oscar,Piastri,Oscar Piastri,https://media.formula1.com/d_driver_fallback_image.png/content/dam/fom-website/drivers/O/OSCPIA01_Oscar_Piastri/oscpia01.png.transform/1col/image.png,,21.0,W,5.0,,,,,Did not start,0.0,0.0,2026,Australian Grand Prix,1,0.0,0.0,0.0
27,N HULKENBERG,HUL,hulkenberg,Audi,F50537,audi,Nico,Hulkenberg,Nico Hulkenberg,https://media.formula1.com/d_driver_fallback_image.png/content/dam/fom-website/drivers/N/NICHUL01_Nico_Hulkenberg/nichul01.png.transform/1col/image.png,,22.0,W,11.0,,,,,Did not start,0.0,0.0,2026,Australian Grand Prix,1,0.0,0.0,0.0
12,K ANTONELLI,ANT,antonelli,Mercedes,00D7B6,mercedes,Kimi,Antonelli,Kimi Antonelli,https://media.formula1.com/d_driver_fallback_image.png/content/dam/fom-website/drivers/K/ANDANT01_Kimi_Antonelli/andant01.png.transform/1col/image.png,,1.0,1,1.0,,,,0 days 01:33:15.607000,Finished,25.0,56.0,2026,Chinese Grand Prix,2,25.0,4.0,29.0
63,G RUSSELL,RUS,russell,Mercedes,00D7B6,mercedes,George,Russell,George Russell,https://media.formula1.com/d_driver_fallback_image.png/content/dam/fom-website/drivers/G/GEORUS01_George_Russell/georus01.png.transform/1col/image.png,,2.0,2,2.0,,,,0 days 00:00:05.515000,Finished,18.0,56.0,2026,Chinese Grand Prix,2,18.0,8.0,26.0
44,L HAMILTON,HAM,hamilton,Ferrari,ED1131,ferrari,Lewis,Hamilton,Lewis Hamilton,https://media.formula1.com/d_driver_fallback_image.png/content/dam/fom-website/drivers/L/LEWHAM01_Lewis_Hamilton/lewham01.png.transform/1col/image.png,,3.0,3,3.0,,,,0 days 00:00:25.267000,Finished,15.0,56.0,2026,Chinese Grand Prix,2,15.0,6.0,21.0
16,C LECLERC,LEC,leclerc,Ferrari,ED1131,ferrari,Charles,Leclerc,Charles Leclerc,https://media.formula1.com/d_driver_fallback_image.png/content/dam/fom-website/drivers/C/CHALEC01_Charles_Leclerc/chalec01.png.transform/1col/image.png,,4.0,4,4.0,,,,0 days 00:00:28.894000,Finished,12.0,56.0,2026,Chinese Grand Prix,2,12.0,7.0,19.0
87,O BEARMAN,BEA,bearman,Haas F1 Team,9C9FA2,haas,Oliver,Bearman,Oliver Bearman,https://media.formula1.com/d_driver_fallback_image.png/content/dam/fom-website/drivers/O/OLIBEA01_Oliver_Bearman/olibea01.png.transform/1col/image.png,,5.0,5,10.0,,,,0 days 00:00:57.268000,Finished,10.0,56.0,2026,Chinese Grand Prix,2,10.0,1.0,11.0
10,P GASLY,GAS,gasly,Alpine,00A1E8,alpine,Pierre,Gasly,Pierre Gasly,https://media.formula1.com/d_driver_fallback_image.png/content/dam/fom-website/drivers/P/PIEGAS01_Pierre_Gasly/piegas01.png.transform/1col/image.png,,6.0,6,7.0,,,,0 days 00:00:59.647000,Finished,8.0,56.0,2026,Chinese Grand Prix,2,8.0,0.0,8.0
30,L LAWSON,LAW,lawson,Racing Bulls,6C98FF,rb,Liam,Lawson,Liam Lawson,https://media.formula1.com/d_driver_fallback_image.png/content/dam/fom-website/drivers/L/LIALAW01_Liam_Lawson/lialaw01.png.transform/1col/image.png,,7.0,7,14.0,,,,0 days 00:01:20.588000,Finished,6.0,56.0,2026,Chinese Grand Prix,2,6.0,2.0,8.0
6,I HADJAR,HAD,hadjar,Red Bull Racing,4781D7,red_bull,Isack,Hadjar,Isack Hadjar,https://media.formula1.com/d_driver_fallback_image.png/content/dam/fom-website/drivers/I/ISAHAD01_Isack_Hadjar/isahad01.png.transform/1col/image.png,,8.0,8,9.0,,,,0 days 00:01:27.247000,Finished,4.0,56.0,2026,Chinese Grand Prix,2,4.0,0.0,4.0
55,C SAINZ,SAI,sainz,Williams,1868DB,williams,Carlos,Sainz,Carlos Sainz,https://media.formula1.com/d_driver_fallback_image.png/content/dam/fom-website/drivers/C/CARSAI01_Carlos_Sainz/carsai01.png.transform/1col/image.png,,9.0,9,17.0,,,,0 days 00:00:11.673000,Lapped,2.0,55.0,2026,Chinese Grand Prix,2,2.0,0.0,2.0
43,F COLAPINTO,COL,colapinto,Alpine,00A1E8,alpine,Franco,Colapinto,Franco Colapinto,https://media.formula1.com/d_driver_fallback_image.png/content/dam/fom-website/drivers/F/FRACOL01_Franco_Colapinto/fracol01.png.transform/1col/image.png,,10.0,10,12.0,,,,0 days 00:00:12.403000,Lapped,1.0,55.0,2026,Chinese Grand Prix,2,1.0,0.0,1.0
27,N HULKENBERG,HUL,hulkenberg,Audi,F50537,audi,Nico,Hulkenberg,Nico Hulkenberg,https://media.formula1.com/d_driver_fallback_image.png/content/dam/fom-website/drivers/N/NICHUL01_Nico_Hulkenberg/nichul01.png.transform/1col/image.png,,11.0,11,11.0,,,,0 days 00:00:21.109000,Lapped,0.0,55.0,2026,Chinese Grand Prix,2,0.0,0.0,0.0
41,A LINDBLAD,LIN,arvid_lindblad,Racing Bulls,6C98FF,rb,Arvid,Lindblad,Arvid Lindblad,https://media.formula1.com/d_driver_fallback_image.png/content/dam/fom-website/drivers/A/ARVLIN01_Arvid_Lindblad/arvlin01.png.transform/1col/image.png,,12.0,12,15.0,,,,0 days 00:00:22.828000,Lapped,0.0,55.0,2026,Chinese Grand Prix,2,0.0,0.0,0.0
77,V BOTTAS,BOT,bottas,Cadillac,909090,cadillac,Valtteri,Bottas,Valtteri Bottas,https://media.formula1.com/d_driver_fallback_image.png/content/dam/fom-website/drivers/V/VALBOT01_Valtteri_Bottas/valbot01.png.transform/1col/image.png,,13.0,13,19.0,,,,0 days 00:00:56.158000,Lapped,0.0,55.0,2026,Chinese Grand Prix,2,0.0,0.0,0.0
31,E OCON,OCO,ocon,Haas F1 Team,9C9FA2,haas,Esteban,Ocon,Esteban Ocon,https://media.formula1.com/d_driver_fallback_image.png/content/dam/fom-website/drivers/E/ESTOCO01_Esteban_Ocon/estoco01.png.transform/1col/image.png,,14.0,14,13.0,,,,0 days 00:01:06.256000,Lapped,0.0,55.0,2026,Chinese Grand Prix,2,0.0,0.0,0.0
11,S PEREZ,PER,perez,Cadillac,909090,cadillac,Sergio,Perez,Sergio Perez,https://media.formula1.com/d_driver_fallback_image.png/content/dam/fom-website/drivers/S/SERPER01_Sergio_Perez/serper01.png.transform/1col/image.png,,15.0,15,21.0,,,,0 days 00:01:14.641000,Lapped,0.0,55.0,2026,Chinese Grand Prix,2,0.0,0.0,0.0
3,M VERSTAPPEN,VER,max_verstappen,Red Bull Racing,4781D7,red_bull,Max,Verstappen,Max Verstappen,https://media.formula1.com/d_driver_fallback_image.png/content/dam/fom-website/drivers/M/MAXVER01_Max_Verstappen/maxver01.png.transform/1col/image.png,,16.0,R,8.0,,,,,Retired,0.0,45.0,2026,Chinese Grand Prix,2,0.0,0.0,0.0
14,F ALONSO,ALO,alonso,Aston Martin,229971,aston_martin,Fernando,Alonso,Fernando Alonso,https://media.formula1.com/d_driver_fallback_image.png/content/dam/fom-website/drivers/F/FERALO01_Fernando_Alonso/feralo01.png.transform/1col/image.png,,17.0,R,18.0,,,,,Retired,0.0,32.0,2026,Chinese Grand Prix,2,0.0,0.0,0.0
18,L STROLL,STR,stroll,Aston Martin,229971,aston_martin,Lance,Stroll,Lance Stroll,https://media.formula1.com/d_driver_fallback_image.png/content/dam/fom-website/drivers/L/LANSTR01_Lance_Stroll/lanstr01.png.transform/1col/image.png,,18.0,R,20.0,,,,,Retired,0.0,9.0,2026,Chinese Grand Prix,2,0.0,0.0,0.0
81,O PIASTRI,PIA,piastri,McLaren,F47600,mclaren,Oscar,Piastri,Oscar Piastri,https://media.formula1.com/d_driver_fallback_image.png/content/dam/fom-website/drivers/O/OSCPIA01_Oscar_Piastri/oscpia01.png.transform/1col/image.png,,19.0,W,5.0,,,,,Did not start,0.0,0.0,2026,Chinese Grand Prix,2,0.0,3.0,3.0
1,L NORRIS,NOR,norris,McLaren,F47600,mclaren,Lando,Norris,Lando Norris,https://media.formula1.com/d_driver_fallback_image.png/content/dam/fom-website/drivers/L/LANNOR01_Lando_Norris/lannor01.png.transform/1col/image.png,,20.0,W,6.0,,,,,Did not start,0.0,0.0,2026,Chinese Grand Prix,2,0.0,5.0,5.0
5,G BORTOLETO,BOR,bortoleto,Audi,F50537,audi,Gabriel,Bortoleto,Gabriel Bortoleto,https://media.formula1.com/d_driver_fallback_image.png/content/dam/fom-website/drivers/G/GABBOR01_Gabriel_Bortoleto/gabbor01.png.transform/1col/image.png,,21.0,W,16.0,,,,,Did not start,0.0,0.0,2026,Chinese Grand Prix,2,0.0,0.0,0.0
23,A ALBON,ALB,albon,Williams,1868DB,williams,Alexander,Albon,Alexander Albon,https://media.formula1.com/d_driver_fallback_image.png/content/dam/fom-website/drivers/A/ALEALB01_Alexander_Albon/alealb01.png.transform/1col/image.png,,22.0,W,22.0,,,,,Did not start,0.0,0.0,2026,Chinese Grand Prix,2,0.0,0.0,0.0
12,K ANTONELLI,ANT,antonelli,Mercedes,00D7B6,mercedes,Kimi,Antonelli,Kimi Antonelli,https://media.formula1.com/d_driver_fallback_image.png/content/dam/fom-website/drivers/K/ANDANT01_Kimi_Antonelli/andant01.png.transform/1col/image.png,,1.0,1,1.0,,,,0 days 01:28:03.403000,Finished,25.0,53.0,2026,Japanese Grand Prix,3,25.0,0.0,25.0
81,O PIASTRI,PIA,piastri,McLaren,F47600,mclaren,Oscar,Piastri,Oscar Piastri,https://media.formula1.com/d_driver_fallback_image.png/content/dam/fom-website/drivers/O/OSCPIA01_Oscar_Piastri/oscpia01.png.transform/1col/image.png,,2.0,2,3.0,,,,0 days 00:00:13.722000,Finished,18.0,53.0,2026,Japanese Grand Prix,3,18.0,0.0,18.0
16,C LECLERC,LEC,leclerc,Ferrari,ED1131,ferrari,Charles,Leclerc,Charles Leclerc,https://media.formula1.com/d_driver_fallback_image.png/content/dam/fom-website/drivers/C/CHALEC01_Charles_Leclerc/chalec01.png.transform/1col/image.png,,3.0,3,4.0,,,,0 days 00:00:15.270000,Finished,15.0,53.0,2026,Japanese Grand Prix,3,15.0,0.0,15.0
63,G RUSSELL,RUS,russell,Mercedes,00D7B6,mercedes,George,Russell,George Russell,https://media.formula1.com/d_driver_fallback_image.png/content/dam/fom-website/drivers/G/GEORUS01_George_Russell/georus01.png.transform/1col/image.png,,4.0,4,2.0,,,,0 days 00:00:15.754000,Finished,12.0,53.0,2026,Japanese Grand Prix,3,12.0,0.0,12.0
1,L NORRIS,NOR,norris,McLaren,F47600,mclaren,Lando,Norris,Lando Norris,https://media.formula1.com/d_driver_fallback_image.png/content/dam/fom-website/drivers/L/LANNOR01_Lando_Norris/lannor01.png.transform/1col/image.png,,5.0,5,5.0,,,,0 days 00:00:23.479000,Finished,10.0,53.0,2026,Japanese Grand Prix,3,10.0,0.0,10.0
44,L HAMILTON,HAM,hamilton,Ferrari,ED1131,ferrari,Lewis,Hamilton,Lewis Hamilton,https://media.formula1.com/d_driver_fallback_image.png/content/dam/fom-website/drivers/L/LEWHAM01_Lewis_Hamilton/lewham01.png.transform/1col/image.png,,6.0,6,6.0,,,,0 days 00:00:25.037000,Finished,8.0,53.0,2026,Japanese Grand Prix,3,8.0,0.0,8.0
10,P GASLY,GAS,gasly,Alpine,00A1E8,alpine,Pierre,Gasly,Pierre Gasly,https://media.formula1.com/d_driver_fallback_image.png/content/dam/fom-website/drivers/P/PIEGAS01_Pierre_Gasly/piegas01.png.transform/1col/image.png,,7.0,7,7.0,,,,0 days 00:00:32.340000,Finished,6.0,53.0,2026,Japanese Grand Prix,3,6.0,0.0,6.0
3,M VERSTAPPEN,VER,max_verstappen,Red Bull Racing,4781D7,red_bull,Max,Verstappen,Max Verstappen,https://media.formula1.com/d_driver_fallback_image.png/content/dam/fom-website/drivers/M/MAXVER01_Max_Verstappen/maxver01.png.transform/1col/image.png,,8.0,8,11.0,,,,0 days 00:00:32.677000,Finished,4.0,53.0,2026,Japanese Grand Prix,3,4.0,0.0,4.0
30,L LAWSON,LAW,lawson,Racing Bulls,6C98FF,rb,Liam,Lawson,Liam Lawson,https://media.formula1.com/d_driver_fallback_image.png/content/dam/fom-website/drivers/L/LIALAW01_Liam_Lawson/lialaw01.png.transform/1col/image.png,,9.0,9,14.0,,,,0 days 00:00:50.180000,Finished,2.0,53.0,2026,Japanese Grand Prix,3,2.0,0.0,2.0
31,E OCON,OCO,ocon,Haas F1 Team,9C9FA2,haas,Esteban,Ocon,Esteban Ocon,https://media.formula1.com/d_driver_fallback_image.png/content/dam/fom-website/drivers/E/ESTOCO01_Esteban_Ocon/estoco01.png.transform/1col/image.png,,10.0,10,12.0,,,,0 days 00:00:51.216000,Finished,1.0,53.0,2026,Japanese Grand Prix,3,1.0,0.0,1.0
27,N HULKENBERG,HUL,hulkenberg,Audi,F50537,audi,Nico,Hulkenberg,Nico Hulkenberg,https://media.formula1.com/d_driver_fallback_image.png/content/dam/fom-website/drivers/N/NICHUL01_Nico_Hulkenberg/nichul01.png.transform/1col/image.png,,11.0,11,13.0,,,,0 days 00:00:52.280000,Finished,0.0,53.0,2026,Japanese Grand Prix,3,0.0,0.0,0.0
6,I HADJAR,HAD,hadjar,Red Bull Racing,4781D7,red_bull,Isack,Hadjar,Isack Hadjar,https://media.formula1.com/d_driver_fallback_image.png/content/dam/fom-website/drivers/I/ISAHAD01_Isack_Hadjar/isahad01.png.transform/1col/image.png,,12.0,12,8.0,,,,0 days 00:00:56.154000,Finished,0.0,53.0,2026,Japanese Grand Prix,3,0.0,0.0,0.0
5,G BORTOLETO,BOR,bortoleto,Audi,F50537,audi,Gabriel,Bortoleto,Gabriel Bortoleto,https://media.formula1.com/d_driver_fallback_image.png/content/dam/fom-website/drivers/G/GABBOR01_Gabriel_Bortoleto/gabbor01.png.transform/1col/image.png,,13.0,13,9.0,,,,0 days 00:00:59.078000,Finished,0.0,53.0,2026,Japanese Grand Prix,3,0.0,0.0,0.0
41,A LINDBLAD,LIN,arvid_lindblad,Racing Bulls,6C98FF,rb,Arvid,Lindblad,Arvid Lindblad,https://media.formula1.com/d_driver_fallback_image.png/content/dam/fom-website/drivers/A/ARVLIN01_Arvid_Lindblad/arvlin01.png.transform/1col/image.png,,14.0,14,10.0,,,,0 days 00:00:59.848000,Finished,0.0,53.0,2026,Japanese Grand Prix,3,0.0,0.0,0.0
55,C SAINZ,SAI,sainz,Williams,1868DB,williams,Carlos,Sainz,Carlos Sainz,https://media.formula1.com/d_driver_fallback_image.png/content/dam/fom-website/drivers/C/CARSAI01_Carlos_Sainz/carsai01.png.transform/1col/image.png,,15.0,15,16.0,,,,0 days 00:01:05.008000,Finished,0.0,53.0,2026,Japanese Grand Prix,3,0.0,0.0,0.0
43,F COLAPINTO,COL,colapinto,Alpine,00A1E8,alpine,Franco,Colapinto,Franco Colapinto,https://media.formula1.com/d_driver_fallback_image.png/content/dam/fom-website/drivers/F/FRACOL01_Franco_Colapinto/fracol01.png.transform/1col/image.png,,16.0,16,15.0,,,,0 days 00:01:05.773000,Finished,0.0,53.0,2026,Japanese Grand Prix,3,0.0,0.0,0.0
11,S PEREZ,PER,perez,Cadillac,909090,cadillac,Sergio,Perez,Sergio Perez,https://media.formula1.com/d_driver_fallback_image.png/content/dam/fom-website/drivers/S/SERPER01_Sergio_Perez/serper01.png.transform/1col/image.png,,17.0,17,19.0,,,,0 days 00:01:32.453000,Finished,0.0,53.0,2026,Japanese Grand Prix,3,0.0,0.0,0.0
14,F ALONSO,ALO,alonso,Aston Martin,229971,aston_martin,Fernando,Alonso,Fernando Alonso,https://media.formula1.com/d_driver_fallback_image.png/content/dam/fom-website/drivers/F/FERALO01_Fernando_Alonso/feralo01.png.transform/1col/image.png,,18.0,18,21.0,,,,0 days 00:00:26.548000,Lapped,0.0,52.0,2026,Japanese Grand Prix,3,0.0,0.0,0.0
77,V BOTTAS,BOT,bottas,Cadillac,909090,cadillac,Valtteri,Bottas,Valtteri Bottas,https://media.formula1.com/d_driver_fallback_image.png/content/dam/fom-website/drivers/V/VALBOT01_Valtteri_Bottas/valbot01.png.transform/1col/image.png,,19.0,19,20.0,,,,0 days 00:00:42.621000,Lapped,0.0,52.0,2026,Japanese Grand Prix,3,0.0,0.0,0.0
23,A ALBON,ALB,albon,Williams,1868DB,williams,Alexander,Albon,Alexander Albon,https://media.formula1.com/d_driver_fallback_image.png/content/dam/fom-website/drivers/A/ALEALB01_Alexander_Albon/alealb01.png.transform/1col/image.png,,20.0,20,17.0,,,,0 days 00:00:05.067000,Lapped,0.0,51.0,2026,Japanese Grand Prix,3,0.0,0.0,0.0
18,L STROLL,STR,stroll,Aston Martin,229971,aston_martin,Lance,Stroll,Lance Stroll,https://media.formula1.com/d_driver_fallback_image.png/content/dam/fom-website/drivers/L/LANSTR01_Lance_Stroll/lanstr01.png.transform/1col/image.png,,21.0,R,22.0,,,,,Retired,0.0,30.0,2026,Japanese Grand Prix,3,0.0,0.0,0.0
87,O BEARMAN,BEA,bearman,Haas F1 Team,9C9FA2,haas,Oliver,Bearman,Oliver Bearman,https://media.formula1.com/d_driver_fallback_image.png/content/dam/fom-website/drivers/O/OLIBEA01_Oliver_Bearman/olibea01.png.transform/1col/image.png,,22.0,R,18.0,,,,,Retired,0.0,20.0,2026,Japanese Grand Prix,3,0.0,0.0,0.0
44,L HAMILTON,HAM,hamilton,Ferrari,ED1131,ferrari,Lewis,Hamilton,Lewis Hamilton,https://media.formula1.com/d_driver_fallback_image.png/content/dam/fom-website/drivers/L/LEWHAM01_Lewis_Hamilton/lewham01.png.transform/1col/image.png,,1.0,1,2.0,,,,0 days 01:32:28.105000,Finished,25.0,66.0,2026,Barcelona Grand Prix,7,25.0,0.0,25.0
63,G RUSSELL,RUS,russell,Mercedes,00D7B6,mercedes,George,Russell,George Russell,https://media.formula1.com/d_driver_fallback_image.png/content/dam/fom-website/drivers/G/GEORUS01_George_Russell/georus01.png.transform/1col/image.png,,2.0,2,1.0,,,,0 days 00:00:19.561000,Finished,18.0,66.0,2026,Barcelona Grand Prix,7,18.0,0.0,18.0
1,L NORRIS,NOR,norris,McLaren,F47600,mclaren,Lando,Norris,Lando Norris,https://media.formula1.com/d_driver_fallback_image.png/content/dam/fom-website/drivers/L/LANNOR01_Lando_Norris/lannor01.png.transform/1col/image.png,,3.0,3,4.0,,,,0 days 00:00:23.719000,Finished,15.0,66.0,2026,Barcelona Grand Prix,7,15.0,0.0,15.0
3,M VERSTAPPEN,VER,max_verstappen,Red Bull Racing,4781D7,red_bull,Max,Verstappen,Max Verstappen,https://media.formula1.com/d_driver_fallback_image.png/content/dam/fom-website/drivers/M/MAXVER01_Max_Verstappen/maxver01.png.transform/1col/image.png,,4.0,4,5.0,,,,0 days 00:00:40.497000,Finished,12.0,66.0,2026,Barcelona Grand Prix,7,12.0,0.0,12.0
81,O PIASTRI,PIA,piastri,McLaren,F47600,mclaren,Oscar,Piastri,Oscar Piastri,https://media.formula1.com/d_driver_fallback_image.png/content/dam/fom-website/drivers/O/OSCPIA01_Oscar_Piastri/oscpia01.png.transform/1col/image.png,,5.0,5,7.0,,,,0 days 00:00:58.661000,Finished,10.0,66.0,2026,Barcelona Grand Prix,7,10.0,0.0,10.0
6,I HADJAR,HAD,hadjar,Red Bull Racing,4781D7,red_bull,Isack,Hadjar,Isack Hadjar,https://media.formula1.com/d_driver_fallback_image.png/content/dam/fom-website/drivers/I/ISAHAD01_Isack_Hadjar/isahad01.png.transform/1col/image.png,,6.0,6,6.0,,,,0 days 00:00:24.627000,Lapped,8.0,65.0,2026,Barcelona Grand Prix,7,8.0,0.0,8.0
10,P GASLY,GAS,gasly,Alpine,00A1E8,alpine,Pierre,Gasly,Pierre Gasly,https://media.formula1.com/d_driver_fallback_image.png/content/dam/fom-website/drivers/P/PIEGAS01_Pierre_Gasly/piegas01.png.transform/1col/image.png,,7.0,7,14.0,,,,0 days 00:00:55.789000,Lapped,6.0,65.0,2026,Barcelona Grand Prix,7,6.0,0.0,6.0
30,L LAWSON,LAW,lawson,Racing Bulls,6C98FF,rb,Liam,Lawson,Liam Lawson,https://media.formula1.com/d_driver_fallback_image.png/content/dam/fom-website/drivers/L/LIALAW01_Liam_Lawson/lialaw01.png.transform/1col/image.png,,8.0,8,8.0,,,,0 days 00:01:12.224000,Lapped,4.0,65.0,2026,Barcelona Grand Prix,7,4.0,0.0,4.0
41,A LINDBLAD,LIN,arvid_lindblad,Racing Bulls,6C98FF,rb,Arvid,Lindblad,Arvid Lindblad,https://media.formula1.com/d_driver_fallback_image.png/content/dam/fom-website/drivers/A/ARVLIN01_Arvid_Lindblad/arvlin01.png.transform/1col/image.png,,9.0,9,11.0,,,,0 days 00:01:18.074000,Lapped,2.0,65.0,2026,Barcelona Grand Prix,7,2.0,0.0,2.0
43,F COLAPINTO,COL,colapinto,Alpine,00A1E8,alpine,Franco,Colapinto,Franco Colapinto,https://media.formula1.com/d_driver_fallback_image.png/content/dam/fom-website/drivers/F/FRACOL01_Franco_Colapinto/fracol01.png.transform/1col/image.png,,10.0,10,13.0,,,,0 days 00:01:19.867000,Lapped,1.0,65.0,2026,Barcelona Grand Prix,7,1.0,0.0,1.0
5,G BORTOLETO,BOR,bortoleto,Audi,F50537,audi,Gabriel,Bortoleto,Gabriel Bortoleto,https://media.formula1.com/d_driver_fallback_image.png/content/dam/fom-website/drivers/G/GABBOR01_Gabriel_Bortoleto/gabbor01.png.transform/1col/image.png,,11.0,11,12.0,,,,0 days 00:00:26.687000,Lapped,0.0,64.0,2026,Barcelona Grand Prix,7,0.0,0.0,0.0
55,C SAINZ,SAI,sainz,Williams,1868DB,williams,Carlos,Sainz,Carlos Sainz,https://media.formula1.com/d_driver_fallback_image.png/content/dam/fom-website/drivers/C/CARSAI01_Carlos_Sainz/carsai01.png.transform/1col/image.png,,12.0,12,16.0,,,,0 days 00:00:27.866000,Lapped,0.0,64.0,2026,Barcelona Grand Prix,7,0.0,0.0,0.0
31,E OCON,OCO,ocon,Haas F1 Team,9C9FA2,haas,Esteban,Ocon,Esteban Ocon,https://media.formula1.com/d_driver_fallback_image.png/content/dam/fom-website/drivers/E/ESTOCO01_Esteban_Ocon/estoco01.png.transform/1col/image.png,,13.0,13,17.0,,,,0 days 00:00:59.149000,Lapped,0.0,64.0,2026,Barcelona Grand Prix,7,0.0,0.0,0.0
11,S PEREZ,PER,perez,Cadillac,909090,cadillac,Sergio,Perez,Sergio Perez,https://media.formula1.com/d_driver_fallback_image.png/content/dam/fom-website/drivers/S/SERPER01_Sergio_Perez/serper01.png.transform/1col/image.png,,14.0,14,19.0,,,,0 days 00:00:07.769000,Lapped,0.0,63.0,2026,Barcelona Grand Prix,7,0.0,0.0,0.0
16,C LECLERC,LEC,leclerc,Ferrari,ED1131,ferrari,Charles,Leclerc,Charles Leclerc,https://media.formula1.com/d_driver_fallback_image.png/content/dam/fom-website/drivers/C/CHALEC01_Charles_Leclerc/chalec01.png.transform/1col/image.png,,15.0,15,10.0,,,,,Retired,0.0,62.0,2026,Barcelona Grand Prix,7,0.0,0.0,0.0
12,K ANTONELLI,ANT,antonelli,Mercedes,00D7B6,mercedes,Kimi,Antonelli,Kimi Antonelli,https://media.formula1.com/d_driver_fallback_image.png/content/dam/fom-website/drivers/K/ANDANT01_Kimi_Antonelli/andant01.png.transform/1col/image.png,,16.0,16,3.0,,,,,Retired,0.0,61.0,2026,Barcelona Grand Prix,7,0.0,0.0,0.0
87,O BEARMAN,BEA,bearman,Haas F1 Team,9C9FA2,haas,Oliver,Bearman,Oliver Bearman,https://media.formula1.com/d_driver_fallback_image.png/content/dam/fom-website/drivers/O/OLIBEA01_Oliver_Bearman/olibea01.png.transform/1col/image.png,,17.0,17,15.0,,,,,Retired,0.0,60.0,2026,Barcelona Grand Prix,7,0.0,0.0,0.0
23,A ALBON,ALB,albon,Williams,1868DB,williams,Alexander,Albon,Alexander Albon,https://media.formula1.com/d_driver_fallback_image.png/content/dam/fom-website/drivers/A/ALEALB01_Alexander_Albon/alealb01.png.transform/1col/image.png,,18.0,R,18.0,,,,,Lapped,0.0,55.0,2026,Barcelona Grand Prix,7,0.0,0.0,0.0
14,F ALONSO,ALO,alonso,Aston Martin,229971,aston_martin,Fernando,Alonso,Fernando Alonso,https://media.formula1.com/d_driver_fallback_image.png/content/dam/fom-website/drivers/F/FERALO01_Fernando_Alonso/feralo01.png.transform/1col/image.png,,19.0,R,22.0,,,,,Retired,0.0,37.0,2026,Barcelona Grand Prix,7,0.0,0.0,0.0
27,N HULKENBERG,HUL,hulkenberg,Audi,F50537,audi,Nico,Hulkenberg,Nico Hulkenberg,https://media.formula1.com/d_driver_fallback_image.png/content/dam/fom-website/drivers/N/NICHUL01_Nico_Hulkenberg/nichul01.png.transform/1col/image.png,,20.0,R,9.0,,,,,Retired,0.0,29.0,2026,Barcelona Grand Prix,7,0.0,0.0,0.0
77,V BOTTAS,BOT,bottas,Cadillac,909090,cadillac,Valtteri,Bottas,Valtteri Bottas,https://media.formula1.com/d_driver_fallback_image.png/content/dam/fom-website/drivers/V/VALBOT01_Valtteri_Bottas/valbot01.png.transform/1col/image.png,,21.0,R,20.0,,,,,Retired,0.0,15.0,2026,Barcelona Grand Prix,7,0.0,0.0,0.0
18,L STROLL,STR,stroll,Aston Martin,229971,aston_martin,Lance,Stroll,Lance Stroll,https://media.formula1.com/d_driver_fallback_image.png/content/dam/fom-website/drivers/L/LANSTR01_Lance_Stroll/lanstr01.png.transform/1col/image.png,,22.0,R,21.0,,,,,Retired,0.0,5.0,2026,Barcelona Grand Prix,7,0.0,0.0,0.0
12,K ANTONELLI,ANT,antonelli,Mercedes,00D7B6,mercedes,Kimi,Antonelli,Kimi Antonelli,https://media.formula1.com/d_driver_fallback_image.png/content/dam/fom-website/drivers/K/ANDANT01_Kimi_Antonelli/andant01.png.transform/1col/image.png,,1.0,1,1.0,,,,0 days 01:33:19.273000,Finished,25.0,57.0,2026,Miami Grand Prix,4,25.0,3.0,28.0
1,L NORRIS,NOR,norris,McLaren,F47600,mclaren,Lando,Norris,Lando Norris,https://media.formula1.com/d_driver_fallback_image.png/content/dam/fom-website/drivers/L/LANNOR01_Lando_Norris/lannor01.png.transform/1col/image.png,,2.0,2,4.0,,,,0 days 00:00:03.264000,Finished,18.0,57.0,2026,Miami Grand Prix,4,18.0,8.0,26.0
81,O PIASTRI,PIA,piastri,McLaren,F47600,mclaren,Oscar,Piastri,Oscar Piastri,https://media.formula1.com/d_driver_fallback_image.png/content/dam/fom-website/drivers/O/OSCPIA01_Oscar_Piastri/oscpia01.png.transform/1col/image.png,,3.0,3,7.0,,,,0 days 00:00:27.092000,Finished,15.0,57.0,2026,Miami Grand Prix,4,15.0,7.0,22.0
63,G RUSSELL,RUS,russell,Mercedes,00D7B6,mercedes,George,Russell,George Russell,https://media.formula1.com/d_driver_fallback_image.png/content/dam/fom-website/drivers/G/GEORUS01_George_Russell/georus01.png.transform/1col/image.png,,4.0,4,5.0,,,,0 days 00:00:43.051000,Finished,12.0,57.0,2026,Miami Grand Prix,4,12.0,5.0,17.0
3,M VERSTAPPEN,VER,max_verstappen,Red Bull Racing,4781D7,red_bull,Max,Verstappen,Max Verstappen,https://media.formula1.com/d_driver_fallback_image.png/content/dam/fom-website/drivers/M/MAXVER01_Max_Verstappen/maxver01.png.transform/1col/image.png,,5.0,5,2.0,,,,0 days 00:00:48.949000,Finished,10.0,57.0,2026,Miami Grand Prix,4,10.0,4.0,14.0
44,L HAMILTON,HAM,hamilton,Ferrari,ED1131,ferrari,Lewis,Hamilton,Lewis Hamilton,https://media.formula1.com/d_driver_fallback_image.png/content/dam/fom-website/drivers/L/LEWHAM01_Lewis_Hamilton/lewham01.png.transform/1col/image.png,,6.0,6,6.0,,,,0 days 00:00:53.753000,Finished,8.0,57.0,2026,Miami Grand Prix,4,8.0,2.0,10.0
43,F COLAPINTO,COL,colapinto,Alpine,00A1E8,alpine,Franco,Colapinto,Franco Colapinto,https://media.formula1.com/d_driver_fallback_image.png/content/dam/fom-website/drivers/F/FRACOL01_Franco_Colapinto/fracol01.png.transform/1col/image.png,,7.0,7,8.0,,,,0 days 00:01:01.871000,Finished,6.0,57.0,2026,Miami Grand Prix,4,6.0,0.0,6.0
16,C LECLERC,LEC,leclerc,Ferrari,ED1131,ferrari,Charles,Leclerc,Charles Leclerc,https://media.formula1.com/d_driver_fallback_image.png/content/dam/fom-website/drivers/C/CHALEC01_Charles_Leclerc/chalec01.png.transform/1col/image.png,,8.0,8,3.0,,,,0 days 00:01:04.245000,Finished,4.0,57.0,2026,Miami Grand Prix,4,4.0,6.0,10.0
55,C SAINZ,SAI,sainz,Williams,1868DB,williams,Carlos,Sainz,Carlos Sainz,https://media.formula1.com/d_driver_fallback_image.png/content/dam/fom-website/drivers/C/CARSAI01_Carlos_Sainz/carsai01.png.transform/1col/image.png,,9.0,9,13.0,,,,0 days 00:01:22.072000,Finished,2.0,57.0,2026,Miami Grand Prix,4,2.0,0.0,2.0
23,A ALBON,ALB,albon,Williams,1868DB,williams,Alexander,Albon,Alexander Albon,https://media.formula1.com/d_driver_fallback_image.png/content/dam/fom-website/drivers/A/ALEALB01_Alexander_Albon/alealb01.png.transform/1col/image.png,,10.0,10,15.0,,,,0 days 00:01:30.972000,Finished,1.0,57.0,2026,Miami Grand Prix,4,1.0,0.0,1.0
87,O BEARMAN,BEA,bearman,Haas F1 Team,9C9FA2,haas,Oliver,Bearman,Oliver Bearman,https://media.formula1.com/d_driver_fallback_image.png/content/dam/fom-website/drivers/O/OLIBEA01_Oliver_Bearman/olibea01.png.transform/1col/image.png,,11.0,11,12.0,,,,0 days 00:00:06.400000,Lapped,0.0,56.0,2026,Miami Grand Prix,4,0.0,0.0,0.0
5,G BORTOLETO,BOR,bortoleto,Audi,F50537,audi,Gabriel,Bortoleto,Gabriel Bortoleto,https://media.formula1.com/d_driver_fallback_image.png/content/dam/fom-website/drivers/G/GABBOR01_Gabriel_Bortoleto/gabbor01.png.transform/1col/image.png,,12.0,12,21.0,,,,0 days 00:00:09.353000,Lapped,0.0,56.0,2026,Miami Grand Prix,4,0.0,0.0,0.0
31,E OCON,OCO,ocon,Haas F1 Team,9C9FA2,haas,Esteban,Ocon,Esteban Ocon,https://media.formula1.com/d_driver_fallback_image.png/content/dam/fom-website/drivers/E/ESTOCO01_Esteban_Ocon/estoco01.png.transform/1col/image.png,,13.0,13,14.0,,,,0 days 00:00:13.873000,Lapped,0.0,56.0,2026,Miami Grand Prix,4,0.0,0.0,0.0
41,A LINDBLAD,LIN,arvid_lindblad,Racing Bulls,6C98FF,rb,Arvid,Lindblad,Arvid Lindblad,https://media.formula1.com/d_driver_fallback_image.png/content/dam/fom-website/drivers/A/ARVLIN01_Arvid_Lindblad/arvlin01.png.transform/1col/image.png,,14.0,14,16.0,,,,0 days 00:00:44.781000,Lapped,0.0,56.0,2026,Miami Grand Prix,4,0.0,0.0,0.0
14,F ALONSO,ALO,alonso,Aston Martin,229971,aston_martin,Fernando,Alonso,Fernando Alonso,https://media.formula1.com/d_driver_fallback_image.png/content/dam/fom-website/drivers/F/FERALO01_Fernando_Alonso/feralo01.png.transform/1col/image.png,,15.0,15,17.0,,,,0 days 00:01:14.964000,Lapped,0.0,56.0,2026,Miami Grand Prix,4,0.0,0.0,0.0
11,S PEREZ,PER,perez,Cadillac,909090,cadillac,Sergio,Perez,Sergio Perez,https://media.formula1.com/d_driver_fallback_image.png/content/dam/fom-website/drivers/S/SERPER01_Sergio_Perez/serper01.png.transform/1col/image.png,,16.0,16,20.0,,,,0 days 00:01:17.513000,Lapped,0.0,56.0,2026,Miami Grand Prix,4,0.0,0.0,0.0
18,L STROLL,STR,stroll,Aston Martin,229971,aston_martin,Lance,Stroll,Lance Stroll,https://media.formula1.com/d_driver_fallback_image.png/content/dam/fom-website/drivers/L/LANSTR01_Lance_Stroll/lanstr01.png.transform/1col/image.png,,17.0,17,18.0,,,,0 days 00:01:22.631000,Lapped,0.0,56.0,2026,Miami Grand Prix,4,0.0,0.0,0.0
77,V BOTTAS,BOT,bottas,Cadillac,909090,cadillac,Valtteri,Bottas,Valtteri Bottas,https://media.formula1.com/d_driver_fallback_image.png/content/dam/fom-website/drivers/V/VALBOT01_Valtteri_Bottas/valbot01.png.transform/1col/image.png,,18.0,18,19.0,,,,0 days 00:01:08.255000,Lapped,0.0,55.0,2026,Miami Grand Prix,4,0.0,0.0,0.0
27,N HULKENBERG,HUL,hulkenberg,Audi,F50537,audi,Nico,Hulkenberg,Nico Hulkenberg,https://media.formula1.com/d_driver_fallback_image.png/content/dam/fom-website/drivers/N/NICHUL01_Nico_Hulkenberg/nichul01.png.transform/1col/image.png,,19.0,R,10.0,,,,,Retired,0.0,7.0,2026,Miami Grand Prix,4,0.0,0.0,0.0
30,L LAWSON,LAW,lawson,Racing Bulls,6C98FF,rb,Liam,Lawson,Liam Lawson,https://media.formula1.com/d_driver_fallback_image.png/content/dam/fom-website/drivers/L/LIALAW01_Liam_Lawson/lialaw01.png.transform/1col/image.png,,20.0,R,11.0,,,,,Retired,0.0,6.0,2026,Miami Grand Prix,4,0.0,0.0,0.0
10,P GASLY,GAS,gasly,Alpine,00A1E8,alpine,Pierre,Gasly,Pierre Gasly,https://media.formula1.com/d_driver_fallback_image.png/content/dam/fom-website/drivers/P/PIEGAS01_Pierre_Gasly/piegas01.png.transform/1col/image.png,,21.0,R,9.0,,,,,Retired,0.0,4.0,2026,Miami Grand Prix,4,0.0,1.0,1.0
6,I HADJAR,HAD,hadjar,Red Bull Racing,4781D7,red_bull,Isack,Hadjar,Isack Hadjar,https://media.formula1.com/d_driver_fallback_image.png/content/dam/fom-website/drivers/I/ISAHAD01_Isack_Hadjar/isahad01.png.transform/1col/image.png,,22.0,R,22.0,,,,,Retired,0.0,4.0,2026,Miami Grand Prix,4,0.0,0.0,0.0
12,K ANTONELLI,ANT,antonelli,Mercedes,00D7B6,mercedes,Kimi,Antonelli,Kimi Antonelli,https://media.formula1.com/d_driver_fallback_image.png/content/dam/fom-website/drivers/K/ANDANT01_Kimi_Antonelli/andant01.png.transform/1col/image.png,,1.0,1,2.0,,,,0 days 01:28:15.758000,Finished,25.0,68.0,2026,Canadian Grand Prix,5,25.0,6.0,31.0
44,L HAMILTON,HAM,hamilton,Ferrari,ED1131,ferrari,Lewis,Hamilton,Lewis Hamilton,https://media.formula1.com/d_driver_fallback_image.png/content/dam/fom-website/drivers/L/LEWHAM01_Lewis_Hamilton/lewham01.png.transform/1col/image.png,,2.0,2,5.0,,,,0 days 00:00:10.768000,Finished,18.0,68.0,2026,Canadian Grand Prix,5,18.0,3.0,21.0
3,M VERSTAPPEN,VER,max_verstappen,Red Bull Racing,4781D7,red_bull,Max,Verstappen,Max Verstappen,https://media.formula1.com/d_driver_fallback_image.png/content/dam/fom-website/drivers/M/MAXVER01_Max_Verstappen/maxver01.png.transform/1col/image.png,,3.0,3,6.0,,,,0 days 00:00:11.276000,Finished,15.0,68.0,2026,Canadian Grand Prix,5,15.0,2.0,17.0
16,C LECLERC,LEC,leclerc,Ferrari,ED1131,ferrari,Charles,Leclerc,Charles Leclerc,https://media.formula1.com/d_driver_fallback_image.png/content/dam/fom-website/drivers/C/CHALEC01_Charles_Leclerc/chalec01.png.transform/1col/image.png,,4.0,4,8.0,,,,0 days 00:00:44.151000,Finished,12.0,68.0,2026,Canadian Grand Prix,5,12.0,4.0,16.0
6,I HADJAR,HAD,hadjar,Red Bull Racing,4781D7,red_bull,Isack,Hadjar,Isack Hadjar,https://media.formula1.com/d_driver_fallback_image.png/content/dam/fom-website/drivers/I/ISAHAD01_Isack_Hadjar/isahad01.png.transform/1col/image.png,,5.0,5,7.0,,,,0 days 00:00:05.033000,Lapped,10.0,67.0,2026,Canadian Grand Prix,5,10.0,0.0,10.0
43,F COLAPINTO,COL,colapinto,Alpine,00A1E8,alpine,Franco,Colapinto,Franco Colapinto,https://media.formula1.com/d_driver_fallback_image.png/content/dam/fom-website/drivers/F/FRACOL01_Franco_Colapinto/fracol01.png.transform/1col/image.png,,6.0,6,10.0,,,,0 days 00:00:19.510000,Lapped,8.0,67.0,2026,Canadian Grand Prix,5,8.0,0.0,8.0
30,L LAWSON,LAW,lawson,Racing Bulls,6C98FF,rb,Liam,Lawson,Liam Lawson,https://media.formula1.com/d_driver_fallback_image.png/content/dam/fom-website/drivers/L/LIALAW01_Liam_Lawson/lialaw01.png.transform/1col/image.png,,7.0,7,12.0,,,,0 days 00:00:34.235000,Lapped,6.0,67.0,2026,Canadian Grand Prix,5,6.0,0.0,6.0
10,P GASLY,GAS,gasly,Alpine,00A1E8,alpine,Pierre,Gasly,Pierre Gasly,https://media.formula1.com/d_driver_fallback_image.png/content/dam/fom-website/drivers/P/PIEGAS01_Pierre_Gasly/piegas01.png.transform/1col/image.png,,8.0,8,14.0,,,,0 days 00:00:34.572000,Lapped,4.0,67.0,2026,Canadian Grand Prix,5,4.0,0.0,4.0
55,C SAINZ,SAI,sainz,Williams,1868DB,williams,Carlos,Sainz,Carlos Sainz,https://media.formula1.com/d_driver_fallback_image.png/content/dam/fom-website/drivers/C/CARSAI01_Carlos_Sainz/carsai01.png.transform/1col/image.png,,9.0,9,15.0,,,,0 days 00:00:58.014000,Lapped,2.0,67.0,2026,Canadian Grand Prix,5,2.0,0.0,2.0
87,O BEARMAN,BEA,bearman,Haas F1 Team,9C9FA2,haas,Oliver,Bearman,Oliver Bearman,https://media.formula1.com/d_driver_fallback_image.png/content/dam/fom-website/drivers/O/OLIBEA01_Oliver_Bearman/olibea01.png.transform/1col/image.png,,10.0,10,16.0,,,,0 days 00:00:59.049000,Lapped,1.0,67.0,2026,Canadian Grand Prix,5,1.0,0.0,1.0
81,O PIASTRI,PIA,piastri,McLaren,F47600,mclaren,Oscar,Piastri,Oscar Piastri,https://media.formula1.com/d_driver_fallback_image.png/content/dam/fom-website/drivers/O/OSCPIA01_Oscar_Piastri/oscpia01.png.transform/1col/image.png,,11.0,11,4.0,,,,0 days 00:00:12.699000,Lapped,0.0,66.0,2026,Canadian Grand Prix,5,0.0,5.0,5.0
27,N HULKENBERG,HUL,hulkenberg,Audi,F50537,audi,Nico,Hulkenberg,Nico Hulkenberg,https://media.formula1.com/d_driver_fallback_image.png/content/dam/fom-website/drivers/N/NICHUL01_Nico_Hulkenberg/nichul01.png.transform/1col/image.png,,12.0,12,11.0,,,,0 days 00:00:14.182000,Lapped,0.0,66.0,2026,Canadian Grand Prix,5,0.0,0.0,0.0
5,G BORTOLETO,BOR,bortoleto,Audi,F50537,audi,Gabriel,Bortoleto,Gabriel Bortoleto,https://media.formula1.com/d_driver_fallback_image.png/content/dam/fom-website/drivers/G/GABBOR01_Gabriel_Bortoleto/gabbor01.png.transform/1col/image.png,,13.0,13,13.0,,,,0 days 00:00:21.156000,Lapped,0.0,66.0,2026,Canadian Grand Prix,5,0.0,0.0,0.0
31,E OCON,OCO,ocon,Haas F1 Team,9C9FA2,haas,Esteban,Ocon,Esteban Ocon,https://media.formula1.com/d_driver_fallback_image.png/content/dam/fom-website/drivers/E/ESTOCO01_Esteban_Ocon/estoco01.png.transform/1col/image.png,,14.0,14,17.0,,,,0 days 00:01:08.635000,Lapped,0.0,66.0,2026,Canadian Grand Prix,5,0.0,0.0,0.0
18,L STROLL,STR,stroll,Aston Martin,229971,aston_martin,Lance,Stroll,Lance Stroll,https://media.formula1.com/d_driver_fallback_image.png/content/dam/fom-website/drivers/L/LANSTR01_Lance_Stroll/lanstr01.png.transform/1col/image.png,,15.0,15,22.0,,,,0 days 00:00:18.397000,Lapped,0.0,64.0,2026,Canadian Grand Prix,5,0.0,0.0,0.0
77,V BOTTAS,BOT,bottas,Cadillac,909090,cadillac,Valtteri,Bottas,Valtteri Bottas,https://media.formula1.com/d_driver_fallback_image.png/content/dam/fom-website/drivers/V/VALBOT01_Valtteri_Bottas/valbot01.png.transform/1col/image.png,,16.0,16,21.0,,,,0 days 00:00:53.390000,Lapped,0.0,64.0,2026,Canadian Grand Prix,5,0.0,0.0,0.0
11,S PEREZ,PER,perez,Cadillac,909090,cadillac,Sergio,Perez,Sergio Perez,https://media.formula1.com/d_driver_fallback_image.png/content/dam/fom-website/drivers/S/SERPER01_Sergio_Perez/serper01.png.transform/1col/image.png,,17.0,R,20.0,,,,,Retired,0.0,39.0,2026,Canadian Grand Prix,5,0.0,0.0,0.0
1,L NORRIS,NOR,norris,McLaren,F47600,mclaren,Lando,Norris,Lando Norris,https://media.formula1.com/d_driver_fallback_image.png/content/dam/fom-website/drivers/L/LANNOR01_Lando_Norris/lannor01.png.transform/1col/image.png,,18.0,R,3.0,,,,,Retired,0.0,38.0,2026,Canadian Grand Prix,5,0.0,7.0,7.0
63,G RUSSELL,RUS,russell,Mercedes,00D7B6,mercedes,George,Russell,George Russell,https://media.formula1.com/d_driver_fallback_image.png/content/dam/fom-website/drivers/G/GEORUS01_George_Russell/georus01.png.transform/1col/image.png,,19.0,R,1.0,,,,,Retired,0.0,29.0,2026,Canadian Grand Prix,5,0.0,8.0,8.0
14,F ALONSO,ALO,alonso,Aston Martin,229971,aston_martin,Fernando,Alonso,Fernando Alonso,https://media.formula1.com/d_driver_fallback_image.png/content/dam/fom-website/drivers/F/FERALO01_Fernando_Alonso/feralo01.png.transform/1col/image.png,,20.0,R,19.0,,,,,Retired,0.0,23.0,2026,Canadian Grand Prix,5,0.0,0.0,0.0
23,A ALBON,ALB,albon,Williams,1868DB,williams,Alexander,Albon,Alexander Albon,https://media.formula1.com/d_driver_fallback_image.png/content/dam/fom-website/drivers/A/ALEALB01_Alexander_Albon/alealb01.png.transform/1col/image.png,,21.0,R,18.0,,,,,Retired,0.0,11.0,2026,Canadian Grand Prix,5,0.0,0.0,0.0
41,A LINDBLAD,LIN,arvid_lindblad,Racing Bulls,6C98FF,rb,Arvid,Lindblad,Arvid Lindblad,https://media.formula1.com/d_driver_fallback_image.png/content/dam/fom-website/drivers/A/ARVLIN01_Arvid_Lindblad/arvlin01.png.transform/1col/image.png,,22.0,W,9.0,,,,,Did not start,0.0,0.0,2026,Canadian Grand Prix,5,0.0,1.0,1.0
12,K ANTONELLI,ANT,antonelli,Mercedes,00D7B6,mercedes,Kimi,Antonelli,Kimi Antonelli,https://media.formula1.com/d_driver_fallback_image.png/content/dam/fom-website/drivers/K/ANDANT01_Kimi_Antonelli/andant01.png.transform/1col/image.png,,1.0,1,1.0,,,,0 days 02:23:31.243000,Finished,25.0,78.0,2026,Monaco Grand Prix,6,25.0,0.0,25.0
44,L HAMILTON,HAM,hamilton,Ferrari,ED1131,ferrari,Lewis,Hamilton,Lewis Hamilton,https://media.formula1.com/d_driver_fallback_image.png/content/dam/fom-website/drivers/L/LEWHAM01_Lewis_Hamilton/lewham01.png.transform/1col/image.png,,2.0,2,3.0,,,,0 days 00:00:06.271000,Finished,18.0,78.0,2026,Monaco Grand Prix,6,18.0,0.0,18.0
10,P GASLY,GAS,gasly,Alpine,00A1E8,alpine,Pierre,Gasly,Pierre Gasly,https://media.formula1.com/d_driver_fallback_image.png/content/dam/fom-website/drivers/P/PIEGAS01_Pierre_Gasly/piegas01.png.transform/1col/image.png,,3.0,3,9.0,,,,0 days 00:00:20.369000,Finished,15.0,78.0,2026,Monaco Grand Prix,6,15.0,0.0,15.0
6,I HADJAR,HAD,hadjar,Red Bull Racing,4781D7,red_bull,Isack,Hadjar,Isack Hadjar,https://media.formula1.com/d_driver_fallback_image.png/content/dam/fom-website/drivers/I/ISAHAD01_Isack_Hadjar/isahad01.png.transform/1col/image.png,,4.0,4,5.0,,,,0 days 00:00:23.394000,Finished,12.0,78.0,2026,Monaco Grand Prix,6,12.0,0.0,12.0
81,O PIASTRI,PIA,piastri,McLaren,F47600,mclaren,Oscar,Piastri,Oscar Piastri,https://media.formula1.com/d_driver_fallback_image.png/content/dam/fom-website/drivers/O/OSCPIA01_Oscar_Piastri/oscpia01.png.transform/1col/image.png,,5.0,5,7.0,,,,0 days 00:00:24.261000,Finished,10.0,78.0,2026,Monaco Grand Prix,6,10.0,0.0,10.0
30,L LAWSON,LAW,lawson,Racing Bulls,6C98FF,rb,Liam,Lawson,Liam Lawson,https://media.formula1.com/d_driver_fallback_image.png/content/dam/fom-website/drivers/L/LIALAW01_Liam_Lawson/lialaw01.png.transform/1col/image.png,,6.0,6,10.0,,,,0 days 00:00:26.553000,Finished,8.0,78.0,2026,Monaco Grand Prix,6,8.0,0.0,8.0
41,A LINDBLAD,LIN,arvid_lindblad,Racing Bulls,6C98FF,rb,Arvid,Lindblad,Arvid Lindblad,https://media.formula1.com/d_driver_fallback_image.png/content/dam/fom-website/drivers/A/ARVLIN01_Arvid_Lindblad/arvlin01.png.transform/1col/image.png,,7.0,7,15.0,,,,0 days 00:00:29.010000,Finished,6.0,78.0,2026,Monaco Grand Prix,6,6.0,0.0,6.0
23,A ALBON,ALB,albon,Williams,1868DB,williams,Alexander,Albon,Alexander Albon,https://media.formula1.com/d_driver_fallback_image.png/content/dam/fom-website/drivers/A/ALEALB01_Alexander_Albon/alealb01.png.transform/1col/image.png,,8.0,8,11.0,,,,0 days 00:00:33.413000,Finished,4.0,78.0,2026,Monaco Grand Prix,6,4.0,0.0,4.0
31,E OCON,OCO,ocon,Haas F1 Team,9C9FA2,haas,Esteban,Ocon,Esteban Ocon,https://media.formula1.com/d_driver_fallback_image.png/content/dam/fom-website/drivers/E/ESTOCO01_Esteban_Ocon/estoco01.png.transform/1col/image.png,,9.0,9,17.0,,,,0 days 00:00:37.140000,Finished,2.0,78.0,2026,Monaco Grand Prix,6,2.0,0.0,2.0
14,F ALONSO,ALO,alonso,Aston Martin,229971,aston_martin,Fernando,Alonso,Fernando Alonso,https://media.formula1.com/d_driver_fallback_image.png/content/dam/fom-website/drivers/F/FERALO01_Fernando_Alonso/feralo01.png.transform/1col/image.png,,10.0,10,21.0,,,,0 days 00:00:41.899000,Finished,1.0,78.0,2026,Monaco Grand Prix,6,1.0,0.0,1.0
5,G BORTOLETO,BOR,bortoleto,Audi,F50537,audi,Gabriel,Bortoleto,Gabriel Bortoleto,https://media.formula1.com/d_driver_fallback_image.png/content/dam/fom-website/drivers/G/GABBOR01_Gabriel_Bortoleto/gabbor01.png.transform/1col/image.png,,11.0,11,16.0,,,,0 days 00:00:42.748000,Finished,0.0,78.0,2026,Monaco Grand Prix,6,0.0,0.0,0.0
63,G RUSSELL,RUS,russell,Mercedes,00D7B6,mercedes,George,Russell,George Russell,https://media.formula1.com/d_driver_fallback_image.png/content/dam/fom-website/drivers/G/GEORUS01_George_Russell/georus01.png.transform/1col/image.png,,12.0,12,6.0,,,,0 days 00:00:43.353000,Finished,0.0,78.0,2026,Monaco Grand Prix,6,0.0,0.0,0.0
27,N HULKENBERG,HUL,hulkenberg,Audi,F50537,audi,Nico,Hulkenberg,Nico Hulkenberg,https://media.formula1.com/d_driver_fallback_image.png/content/dam/fom-website/drivers/N/NICHUL01_Nico_Hulkenberg/nichul01.png.transform/1col/image.png,,13.0,13,13.0,,,,0 days 00:00:44.102000,Finished,0.0,78.0,2026,Monaco Grand Prix,6,0.0,0.0,0.0
43,F COLAPINTO,COL,colapinto,Alpine,00A1E8,alpine,Franco,Colapinto,Franco Colapinto,https://media.formula1.com/d_driver_fallback_image.png/content/dam/fom-website/drivers/F/FRACOL01_Franco_Colapinto/fracol01.png.transform/1col/image.png,,14.0,14,14.0,,,,0 days 00:00:48.964000,Finished,0.0,78.0,2026,Monaco Grand Prix,6,0.0,0.0,0.0
11,S PEREZ,PER,perez,Cadillac,909090,cadillac,Sergio,Perez,Sergio Perez,https://media.formula1.com/d_driver_fallback_image.png/content/dam/fom-website/drivers/S/SERPER01_Sergio_Perez/serper01.png.transform/1col/image.png,,15.0,15,18.0,,,,0 days 00:00:49.153000,Finished,0.0,78.0,2026,Monaco Grand Prix,6,0.0,0.0,0.0
55,C SAINZ,SAI,sainz,Williams,1868DB,williams,Carlos,Sainz,Carlos Sainz,https://media.formula1.com/d_driver_fallback_image.png/content/dam/fom-website/drivers/C/CARSAI01_Carlos_Sainz/carsai01.png.transform/1col/image.png,,16.0,16,12.0,,,,,Retired,0.0,70.0,2026,Monaco Grand Prix,6,0.0,0.0,0.0
16,C LECLERC,LEC,leclerc,Ferrari,ED1131,ferrari,Charles,Leclerc,Charles Leclerc,https://media.formula1.com/d_driver_fallback_image.png/content/dam/fom-website/drivers/C/CHALEC01_Charles_Leclerc/chalec01.png.transform/1col/image.png,,17.0,R,4.0,,,,,Retired,0.0,64.0,2026,Monaco Grand Prix,6,0.0,0.0,0.0
18,L STROLL,STR,stroll,Aston Martin,229971,aston_martin,Lance,Stroll,Lance Stroll,https://media.formula1.com/d_driver_fallback_image.png/content/dam/fom-website/drivers/L/LANSTR01_Lance_Stroll/lanstr01.png.transform/1col/image.png,,18.0,R,22.0,,,,,Retired,0.0,56.0,2026,Monaco Grand Prix,6,0.0,0.0,0.0
1,L NORRIS,NOR,norris,McLaren,F47600,mclaren,Lando,Norris,Lando Norris,https://media.formula1.com/d_driver_fallback_image.png/content/dam/fom-website/drivers/L/LANNOR01_Lando_Norris/lannor01.png.transform/1col/image.png,,19.0,R,8.0,,,,,Retired,0.0,43.0,2026,Monaco Grand Prix,6,0.0,0.0,0.0
87,O BEARMAN,BEA,bearman,Haas F1 Team,9C9FA2,haas,Oliver,Bearman,Oliver Bearman,https://media.formula1.com/d_driver_fallback_image.png/content/dam/fom-website/drivers/O/OLIBEA01_Oliver_Bearman/olibea01.png.transform/1col/image.png,,20.0,R,19.0,,,,,Retired,0.0,27.0,2026,Monaco Grand Prix,6,0.0,0.0,0.0
77,V BOTTAS,BOT,bottas,Cadillac,909090,cadillac,Valtteri,Bottas,Valtteri Bottas,https://media.formula1.com/d_driver_fallback_image.png/content/dam/fom-website/drivers/V/VALBOT01_Valtteri_Bottas/valbot01.png.transform/1col/image.png,,21.0,R,20.0,,,,,Retired,0.0,15.0,2026,Monaco Grand Prix,6,0.0,0.0,0.0
3,M VERSTAPPEN,VER,max_verstappen,Red Bull Racing,4781D7,red_bull,Max,Verstappen,Max Verstappen,https://media.formula1.com/d_driver_fallback_image.png/content/dam/fom-website/drivers/M/MAXVER01_Max_Verstappen/maxver01.png.transform/1col/image.png,,22.0,R,2.0,,,,,Retired,0.0,0.0,2026,Monaco Grand Prix,6,0.0,0.0,0.0
63,G RUSSELL,RUS,russell,Mercedes,00D7B6,mercedes,George,Russell,George Russell,https://media.formula1.com/d_driver_fallback_image.png/content/dam/fom-website/drivers/G/GEORUS01_George_Russell/georus01.png.transform/1col/image.png,,1.0,1,1.0,,,,0 days 01:26:37.979000,Finished,25.0,71.0,2026,Austrian Grand Prix,8,25.0,0.0,25.0
3,M VERSTAPPEN,VER,max_verstappen,Red Bull Racing,4781D7,red_bull,Max,Verstappen,Max Verstappen,https://media.formula1.com/d_driver_fallback_image.png/content/dam/fom-website/drivers/M/MAXVER01_Max_Verstappen/maxver01.png.transform/1col/image.png,,2.0,2,5.0,,,,0 days 00:00:01.611000,Finished,18.0,71.0,2026,Austrian Grand Prix,8,18.0,0.0,18.0
12,K ANTONELLI,ANT,antonelli,Mercedes,00D7B6,mercedes,Kimi,Antonelli,Kimi Antonelli,https://media.formula1.com/d_driver_fallback_image.png/content/dam/fom-website/drivers/K/ANDANT01_Kimi_Antonelli/andant01.png.transform/1col/image.png,,3.0,3,4.0,,,,0 days 00:00:01.986000,Finished,15.0,71.0,2026,Austrian Grand Prix,8,15.0,0.0,15.0
81,O PIASTRI,PIA,piastri,McLaren,F47600,mclaren,Oscar,Piastri,Oscar Piastri,https://media.formula1.com/d_driver_fallback_image.png/content/dam/fom-website/drivers/O/OSCPIA01_Oscar_Piastri/oscpia01.png.transform/1col/image.png,,4.0,4,7.0,,,,0 days 00:00:21.809000,Finished,12.0,71.0,2026,Austrian Grand Prix,8,12.0,0.0,12.0
44,L HAMILTON,HAM,hamilton,Ferrari,ED1131,ferrari,Lewis,Hamilton,Lewis Hamilton,https://media.formula1.com/d_driver_fallback_image.png/content/dam/fom-website/drivers/L/LEWHAM01_Lewis_Hamilton/lewham01.png.transform/1col/image.png,,5.0,5,3.0,,,,0 days 00:00:26.393000,Finished,10.0,71.0,2026,Austrian Grand Prix,8,10.0,0.0,10.0
6,I HADJAR,HAD,hadjar,Red Bull Racing,4781D7,red_bull,Isack,Hadjar,Isack Hadjar,https://media.formula1.com/d_driver_fallback_image.png/content/dam/fom-website/drivers/I/ISAHAD01_Isack_Hadjar/isahad01.png.transform/1col/image.png,,6.0,6,8.0,,,,0 days 00:00:29.399000,Finished,8.0,71.0,2026,Austrian Grand Prix,8,8.0,0.0,8.0
1,L NORRIS,NOR,norris,McLaren,F47600,mclaren,Lando,Norris,Lando Norris,https://media.formula1.com/d_driver_fallback_image.png/content/dam/fom-website/drivers/L/LANNOR01_Lando_Norris/lannor01.png.transform/1col/image.png,,7.0,7,6.0,,,,0 days 00:00:31.505000,Finished,6.0,71.0,2026,Austrian Grand Prix,8,6.0,0.0,6.0
16,C LECLERC,LEC,leclerc,Ferrari,ED1131,ferrari,Charles,Leclerc,Charles Leclerc,https://media.formula1.com/d_driver_fallback_image.png/content/dam/fom-website/drivers/C/CHALEC01_Charles_Leclerc/chalec01.png.transform/1col/image.png,,8.0,8,2.0,,,,0 days 00:00:45.659000,Finished,4.0,71.0,2026,Austrian Grand Prix,8,4.0,0.0,4.0
30,L LAWSON,LAW,lawson,Racing Bulls,6C98FF,rb,Liam,Lawson,Liam Lawson,https://media.formula1.com/d_driver_fallback_image.png/content/dam/fom-website/drivers/L/LIALAW01_Liam_Lawson/lialaw01.png.transform/1col/image.png,,9.0,9,9.0,,,,0 days 00:00:15.334000,Lapped,2.0,70.0,2026,Austrian Grand Prix,8,2.0,0.0,2.0
41,A LINDBLAD,LIN,arvid_lindblad,Racing Bulls,6C98FF,rb,Arvid,Lindblad,Arvid Lindblad,https://media.formula1.com/d_driver_fallback_image.png/content/dam/fom-website/drivers/A/ARVLIN01_Arvid_Lindblad/arvlin01.png.transform/1col/image.png,,10.0,10,10.0,,,,0 days 00:00:19.030000,Lapped,1.0,70.0,2026,Austrian Grand Prix,8,1.0,0.0,1.0
5,G BORTOLETO,BOR,bortoleto,Audi,F50537,audi,Gabriel,Bortoleto,Gabriel Bortoleto,https://media.formula1.com/d_driver_fallback_image.png/content/dam/fom-website/drivers/G/GABBOR01_Gabriel_Bortoleto/gabbor01.png.transform/1col/image.png,,11.0,11,12.0,,,,0 days 00:00:30.315000,Lapped,0.0,70.0,2026,Austrian Grand Prix,8,0.0,0.0,0.0
27,N HULKENBERG,HUL,hulkenberg,Audi,F50537,audi,Nico,Hulkenberg,Nico Hulkenberg,https://media.formula1.com/d_driver_fallback_image.png/content/dam/fom-website/drivers/N/NICHUL01_Nico_Hulkenberg/nichul01.png.transform/1col/image.png,,12.0,12,14.0,,,,0 days 00:00:38.484000,Lapped,0.0,70.0,2026,Austrian Grand Prix,8,0.0,0.0,0.0
10,P GASLY,GAS,gasly,Alpine,00A1E8,alpine,Pierre,Gasly,Pierre Gasly,https://media.formula1.com/d_driver_fallback_image.png/content/dam/fom-website/drivers/P/PIEGAS01_Pierre_Gasly/piegas01.png.transform/1col/image.png,,13.0,13,11.0,,,,0 days 00:00:39.251000,Lapped,0.0,70.0,2026,Austrian Grand Prix,8,0.0,0.0,0.0
87,O BEARMAN,BEA,bearman,Haas F1 Team,9C9FA2,haas,Oliver,Bearman,Oliver Bearman,https://media.formula1.com/d_driver_fallback_image.png/content/dam/fom-website/drivers/O/OLIBEA01_Oliver_Bearman/olibea01.png.transform/1col/image.png,,14.0,14,13.0,,,,0 days 00:01:02.677000,Lapped,0.0,70.0,2026,Austrian Grand Prix,8,0.0,0.0,0.0
43,F COLAPINTO,COL,colapinto,Alpine,00A1E8,alpine,Franco,Colapinto,Franco Colapinto,https://media.formula1.com/d_driver_fallback_image.png/content/dam/fom-website/drivers/F/FRACOL01_Franco_Colapinto/fracol01.png.transform/1col/image.png,,15.0,15,16.0,,,,0 days 00:01:05.647000,Lapped,0.0,70.0,2026,Austrian Grand Prix,8,0.0,0.0,0.0
31,E OCON,OCO,ocon,Haas F1 Team,9C9FA2,haas,Esteban,Ocon,Esteban Ocon,https://media.formula1.com/d_driver_fallback_image.png/content/dam/fom-website/drivers/E/ESTOCO01_Esteban_Ocon/estoco01.png.transform/1col/image.png,,16.0,16,15.0,,,,0 days 00:00:25.932000,Lapped,0.0,69.0,2026,Austrian Grand Prix,8,0.0,0.0,0.0
23,A ALBON,ALB,albon,Williams,1868DB,williams,Alexander,Albon,Alexander Albon,https://media.formula1.com/d_driver_fallback_image.png/content/dam/fom-website/drivers/A/ALEALB01_Alexander_Albon/alealb01.png.transform/1col/image.png,,17.0,17,18.0,,,,0 days 00:00:28.082000,Lapped,0.0,69.0,2026,Austrian Grand Prix,8,0.0,0.0,0.0
14,F ALONSO,ALO,alonso,Aston Martin,229971,aston_martin,Fernando,Alonso,Fernando Alonso,https://media.formula1.com/d_driver_fallback_image.png/content/dam/fom-website/drivers/F/FERALO01_Fernando_Alonso/feralo01.png.transform/1col/image.png,,18.0,18,21.0,,,,0 days 00:00:04.833000,Lapped,0.0,68.0,2026,Austrian Grand Prix,8,0.0,0.0,0.0
18,L STROLL,STR,stroll,Aston Martin,229971,aston_martin,Lance,Stroll,Lance Stroll,https://media.formula1.com/d_driver_fallback_image.png/content/dam/fom-website/drivers/L/LANSTR01_Lance_Stroll/lanstr01.png.transform/1col/image.png,,19.0,R,22.0,,,,,Retired,0.0,45.0,2026,Austrian Grand Prix,8,0.0,0.0,0.0
55,C SAINZ,SAI,sainz,Williams,1868DB,williams,Carlos,Sainz,Carlos Sainz,https://media.formula1.com/d_driver_fallback_image.png/content/dam/fom-website/drivers/C/CARSAI01_Carlos_Sainz/carsai01.png.transform/1col/image.png,,20.0,R,17.0,,,,,Retired,0.0,23.0,2026,Austrian Grand Prix,8,0.0,0.0,0.0
11,S PEREZ,PER,perez,Cadillac,909090,cadillac,Sergio,Perez,Sergio Perez,https://media.formula1.com/d_driver_fallback_image.png/content/dam/fom-website/drivers/S/SERPER01_Sergio_Perez/serper01.png.transform/1col/image.png,,21.0,R,19.0,,,,,Retired,0.0,4.0,2026,Austrian Grand Prix,8,0.0,0.0,0.0
77,V BOTTAS,BOT,bottas,Cadillac,909090,cadillac,Valtteri,Bottas,Valtteri Bottas,https://media.formula1.com/d_driver_fallback_image.png/content/dam/fom-website/drivers/V/VALBOT01_Valtteri_Bottas/valbot01.png.transform/1col/image.png,,22.0,R,20.0,,,,,Retired,0.0,2.0,2026,Austrian Grand Prix,8,0.0,0.0,0.0
16,C LECLERC,LEC,leclerc,Ferrari,ED1131,ferrari,Charles,Leclerc,Charles Leclerc,https://media.formula1.com/d_driver_fallback_image.png/content/dam/fom-website/drivers/C/CHALEC01_Charles_Leclerc/chalec01.png.transform/1col/image.png,,1.0,1,2.0,,,,0 days 01:27:11.335000,Finished,25.0,52.0,2026,British Grand Prix,9,25.0,4.0,29.0
63,G RUSSELL,RUS,russell,Mercedes,00D7B6,mercedes,George,Russell,George Russell,https://media.formula1.com/d_driver_fallback_image.png/content/dam/fom-website/drivers/G/GEORUS01_George_Russell/georus01.png.transform/1col/image.png,,2.0,2,4.0,,,,0 days 00:00:00.427000,Finished,18.0,52.0,2026,British Grand Prix,9,18.0,5.0,23.0
44,L HAMILTON,HAM,hamilton,Ferrari,ED1131,ferrari,Lewis,Hamilton,Lewis Hamilton,https://media.formula1.com/d_driver_fallback_image.png/content/dam/fom-website/drivers/L/LEWHAM01_Lewis_Hamilton/lewham01.png.transform/1col/image.png,,3.0,3,3.0,,,,0 days 00:00:00.772000,Finished,15.0,52.0,2026,British Grand Prix,9,15.0,7.0,22.0
1,L NORRIS,NOR,norris,McLaren,F47600,mclaren,Lando,Norris,Lando Norris,https://media.formula1.com/d_driver_fallback_image.png/content/dam/fom-website/drivers/L/LANNOR01_Lando_Norris/lannor01.png.transform/1col/image.png,,4.0,4,6.0,,,,0 days 00:00:01.149000,Finished,12.0,52.0,2026,British Grand Prix,9,12.0,6.0,18.0
6,I HADJAR,HAD,hadjar,Red Bull Racing,4781D7,red_bull,Isack,Hadjar,Isack Hadjar,https://media.formula1.com/d_driver_fallback_image.png/content/dam/fom-website/drivers/I/ISAHAD01_Isack_Hadjar/isahad01.png.transform/1col/image.png,,5.0,5,5.0,,,,0 days 00:00:01.598000,Finished,10.0,52.0,2026,British Grand Prix,9,10.0,0.0,10.0
30,L LAWSON,LAW,lawson,Racing Bulls,6C98FF,rb,Liam,Lawson,Liam Lawson,https://media.formula1.com/d_driver_fallback_image.png/content/dam/fom-website/drivers/L/LIALAW01_Liam_Lawson/lialaw01.png.transform/1col/image.png,,6.0,6,10.0,,,,0 days 00:00:02.023000,Finished,8.0,52.0,2026,British Grand Prix,9,8.0,1.0,9.0
41,A LINDBLAD,LIN,arvid_lindblad,Racing Bulls,6C98FF,rb,Arvid,Lindblad,Arvid Lindblad,https://media.formula1.com/d_driver_fallback_image.png/content/dam/fom-website/drivers/A/ARVLIN01_Arvid_Lindblad/arvlin01.png.transform/1col/image.png,,7.0,7,9.0,,,,0 days 00:00:02.214000,Finished,6.0,52.0,2026,British Grand Prix,9,6.0,0.0,6.0
5,G BORTOLETO,BOR,bortoleto,Audi,F50537,audi,Gabriel,Bortoleto,Gabriel Bortoleto,https://media.formula1.com/d_driver_fallback_image.png/content/dam/fom-website/drivers/G/GABBOR01_Gabriel_Bortoleto/gabbor01.png.transform/1col/image.png,,8.0,8,11.0,,,,0 days 00:00:02.413000,Finished,4.0,52.0,2026,British Grand Prix,9,4.0,0.0,4.0
43,F COLAPINTO,COL,colapinto,Alpine,00A1E8,alpine,Franco,Colapinto,Franco Colapinto,https://media.formula1.com/d_driver_fallback_image.png/content/dam/fom-website/drivers/F/FRACOL01_Franco_Colapinto/fracol01.png.transform/1col/image.png,,9.0,9,19.0,,,,0 days 00:00:03.229000,Finished,2.0,52.0,2026,British Grand Prix,9,2.0,0.0,2.0
10,P GASLY,GAS,gasly,Alpine,00A1E8,alpine,Pierre,Gasly,Pierre Gasly,https://media.formula1.com/d_driver_fallback_image.png/content/dam/fom-website/drivers/P/PIEGAS01_Pierre_Gasly/piegas01.png.transform/1col/image.png,,10.0,10,15.0,,,,0 days 00:00:03.445000,Finished,1.0,52.0,2026,British Grand Prix,9,1.0,0.0,1.0
81,O PIASTRI,PIA,piastri,McLaren,F47600,mclaren,Oscar,Piastri,Oscar Piastri,https://media.formula1.com/d_driver_fallback_image.png/content/dam/fom-website/drivers/O/OSCPIA01_Oscar_Piastri/oscpia01.png.transform/1col/image.png,,11.0,11,8.0,,,,0 days 00:00:04.014000,Finished,0.0,52.0,2026,British Grand Prix,9,0.0,2.0,2.0
87,O BEARMAN,BEA,bearman,Haas F1 Team,9C9FA2,haas,Oliver,Bearman,Oliver Bearman,https://media.formula1.com/d_driver_fallback_image.png/content/dam/fom-website/drivers/O/OLIBEA01_Oliver_Bearman/olibea01.png.transform/1col/image.png,,12.0,12,13.0,,,,0 days 00:00:05.245000,Finished,0.0,52.0,2026,British Grand Prix,9,0.0,0.0,0.0
31,E OCON,OCO,ocon,Haas F1 Team,9C9FA2,haas,Esteban,Ocon,Esteban Ocon,https://media.formula1.com/d_driver_fallback_image.png/content/dam/fom-website/drivers/E/ESTOCO01_Esteban_Ocon/estoco01.png.transform/1col/image.png,,13.0,13,17.0,,,,0 days 00:00:05.512000,Finished,0.0,52.0,2026,British Grand Prix,9,0.0,0.0,0.0
11,S PEREZ,PER,perez,Cadillac,909090,cadillac,Sergio,Perez,Sergio Perez,https://media.formula1.com/d_driver_fallback_image.png/content/dam/fom-website/drivers/S/SERPER01_Sergio_Perez/serper01.png.transform/1col/image.png,,14.0,14,20.0,,,,0 days 00:00:07.403000,Finished,0.0,52.0,2026,British Grand Prix,9,0.0,0.0,0.0
12,K ANTONELLI,ANT,antonelli,Mercedes,00D7B6,mercedes,Kimi,Antonelli,Kimi Antonelli,https://media.formula1.com/d_driver_fallback_image.png/content/dam/fom-website/drivers/K/ANDANT01_Kimi_Antonelli/andant01.png.transform/1col/image.png,,15.0,15,1.0,,,,0 days 00:00:08.005000,Finished,0.0,52.0,2026,British Grand Prix,9,0.0,8.0,8.0
77,V BOTTAS,BOT,bottas,Cadillac,909090,cadillac,Valtteri,Bottas,Valtteri Bottas,https://media.formula1.com/d_driver_fallback_image.png/content/dam/fom-website/drivers/V/VALBOT01_Valtteri_Bottas/valbot01.png.transform/1col/image.png,,16.0,16,18.0,,,,0 days 00:00:08.162000,Finished,0.0,52.0,2026,British Grand Prix,9,0.0,0.0,0.0
55,C SAINZ,SAI,sainz,Williams,1868DB,williams,Carlos,Sainz,Carlos Sainz,https://media.formula1.com/d_driver_fallback_image.png/content/dam/fom-website/drivers/C/CARSAI01_Carlos_Sainz/carsai01.png.transform/1col/image.png,,17.0,17,14.0,,,,0 days 00:00:04.391000,Lapped,0.0,51.0,2026,British Grand Prix,9,0.0,0.0,0.0
14,F ALONSO,ALO,alonso,Aston Martin,229971,aston_martin,Fernando,Alonso,Fernando Alonso,https://media.formula1.com/d_driver_fallback_image.png/content/dam/fom-website/drivers/F/FERALO01_Fernando_Alonso/feralo01.png.transform/1col/image.png,,18.0,18,21.0,,,,0 days 00:00:04.980000,Lapped,0.0,51.0,2026,British Grand Prix,9,0.0,0.0,0.0
18,L STROLL,STR,stroll,Aston Martin,229971,aston_martin,Lance,Stroll,Lance Stroll,https://media.formula1.com/d_driver_fallback_image.png/content/dam/fom-website/drivers/L/LANSTR01_Lance_Stroll/lanstr01.png.transform/1col/image.png,,19.0,19,22.0,,,,0 days 00:00:06.750000,Lapped,0.0,51.0,2026,British Grand Prix,9,0.0,0.0,0.0
3,M VERSTAPPEN,VER,max_verstappen,Red Bull Racing,4781D7,red_bull,Max,Verstappen,Max Verstappen,https://media.formula1.com/d_driver_fallback_image.png/content/dam/fom-website/drivers/M/MAXVER01_Max_Verstappen/maxver01.png.transform/1col/image.png,,20.0,20,7.0,,,,,Retired,0.0,46.0,2026,British Grand Prix,9,0.0,3.0,3.0
23,A ALBON,ALB,albon,Williams,1868DB,williams,Alexander,Albon,Alexander Albon,https://media.formula1.com/d_driver_fallback_image.png/content/dam/fom-website/drivers/A/ALEALB01_Alexander_Albon/alealb01.png.transform/1col/image.png,,21.0,R,16.0,,,,,Retired,0.0,43.0,2026,British Grand Prix,9,0.0,0.0,0.0
27,N HULKENBERG,HUL,hulkenberg,Audi,F50537,audi,Nico,Hulkenberg,Nico Hulkenberg,https://media.formula1.com/d_driver_fallback_image.png/content/dam/fom-website/drivers/N/NICHUL01_Nico_Hulkenberg/nichul01.png.transform/1col/image.png,,22.0,R,12.0,,,,,Retired,0.0,36.0,2026,British Grand Prix,9,0.0,0.0,0.0
12,K ANTONELLI,ANT,antonelli,Mercedes,00D7B6,mercedes,Kimi,Antonelli,Kimi Antonelli,https://media.formula1.com/d_driver_fallback_image.png/content/dam/fom-website/drivers/K/ANDANT01_Kimi_Antonelli/andant01.png.transform/1col/image.png,,1.0,1,1.0,,,,0 days 01:24:42.479000,Finished,25.0,44.0,2026,Belgian Grand Prix,10,25.0,0.0,25.0
16,C LECLERC,LEC,leclerc,Ferrari,ED1131,ferrari,Charles,Leclerc,Charles Leclerc,https://media.formula1.com/d_driver_fallback_image.png/content/dam/fom-website/drivers/C/CHALEC01_Charles_Leclerc/chalec01.png.transform/1col/image.png,,2.0,2,4.0,,,,0 days 00:00:01.952000,Finished,18.0,44.0,2026,Belgian Grand Prix,10,18.0,0.0,18.0
3,M VERSTAPPEN,VER,max_verstappen,Red Bull Racing,4781D7,red_bull,Max,Verstappen,Max Verstappen,https://media.formula1.com/d_driver_fallback_image.png/content/dam/fom-website/drivers/M/MAXVER01_Max_Verstappen/maxver01.png.transform/1col/image.png,,3.0,3,2.0,,,,0 days 00:00:11.586000,Finished,15.0,44.0,2026,Belgian Grand Prix,10,15.0,0.0,15.0
44,L HAMILTON,HAM,hamilton,Ferrari,ED1131,ferrari,Lewis,Hamilton,Lewis Hamilton,https://media.formula1.com/d_driver_fallback_image.png/content/dam/fom-website/drivers/L/LEWHAM01_Lewis_Hamilton/lewham01.png.transform/1col/image.png,,4.0,4,5.0,,,,0 days 00:00:17.245000,Finished,12.0,44.0,2026,Belgian Grand Prix,10,12.0,0.0,12.0
81,O PIASTRI,PIA,piastri,McLaren,F47600,mclaren,Oscar,Piastri,Oscar Piastri,https://media.formula1.com/d_driver_fallback_image.png/content/dam/fom-website/drivers/O/OSCPIA01_Oscar_Piastri/oscpia01.png.transform/1col/image.png,,5.0,5,6.0,,,,0 days 00:00:18.988000,Finished,10.0,44.0,2026,Belgian Grand Prix,10,10.0,0.0,10.0
6,I HADJAR,HAD,hadjar,Red Bull Racing,4781D7,red_bull,Isack,Hadjar,Isack Hadjar,https://media.formula1.com/d_driver_fallback_image.png/content/dam/fom-website/drivers/I/ISAHAD01_Isack_Hadjar/isahad01.png.transform/1col/image.png,,6.0,6,21.0,,,,0 days 00:00:23.307000,Finished,8.0,44.0,2026,Belgian Grand Prix,10,8.0,0.0,8.0
1,L NORRIS,NOR,norris,McLaren,F47600,mclaren,Lando,Norris,Lando Norris,https://media.formula1.com/d_driver_fallback_image.png/content/dam/fom-website/drivers/L/LANNOR01_Lando_Norris/lannor01.png.transform/1col/image.png,,7.0,7,13.0,,,,0 days 00:00:24.014000,Finished,6.0,44.0,2026,Belgian Grand Prix,10,6.0,0.0,6.0
5,G BORTOLETO,BOR,bortoleto,Audi,F50537,audi,Gabriel,Bortoleto,Gabriel Bortoleto,https://media.formula1.com/d_driver_fallback_image.png/content/dam/fom-website/drivers/G/GABBOR01_Gabriel_Bortoleto/gabbor01.png.transform/1col/image.png,,8.0,8,8.0,,,,0 days 00:00:49.140000,Finished,4.0,44.0,2026,Belgian Grand Prix,10,4.0,0.0,4.0
41,A LINDBLAD,LIN,arvid_lindblad,Racing Bulls,6C98FF,rb,Arvid,Lindblad,Arvid Lindblad,https://media.formula1.com/d_driver_fallback_image.png/content/dam/fom-website/drivers/A/ARVLIN01_Arvid_Lindblad/arvlin01.png.transform/1col/image.png,,9.0,9,7.0,,,,0 days 00:00:50.406000,Finished,2.0,44.0,2026,Belgian Grand Prix,10,2.0,0.0,2.0
43,F COLAPINTO,COL,colapinto,Alpine,00A1E8,alpine,Franco,Colapinto,Franco Colapinto,https://media.formula1.com/d_driver_fallback_image.png/content/dam/fom-website/drivers/F/FRACOL01_Franco_Colapinto/fracol01.png.transform/1col/image.png,,10.0,10,11.0,,,,0 days 00:01:16.037000,Finished,1.0,44.0,2026,Belgian Grand Prix,10,1.0,0.0,1.0
10,P GASLY,GAS,gasly,Alpine,00A1E8,alpine,Pierre,Gasly,Pierre Gasly,https://media.formula1.com/d_driver_fallback_image.png/content/dam/fom-website/drivers/P/PIEGAS01_Pierre_Gasly/piegas01.png.transform/1col/image.png,,11.0,11,10.0,,,,0 days 00:01:16.991000,Finished,0.0,44.0,2026,Belgian Grand Prix,10,0.0,0.0,0.0
30,L LAWSON,LAW,lawson,Racing Bulls,6C98FF,rb,Liam,Lawson,Liam Lawson,https://media.formula1.com/d_driver_fallback_image.png/content/dam/fom-website/drivers/L/LIALAW01_Liam_Lawson/lialaw01.png.transform/1col/image.png,,12.0,12,9.0,,,,0 days 00:01:17.523000,Finished,0.0,44.0,2026,Belgian Grand Prix,10,0.0,0.0,0.0
27,N HULKENBERG,HUL,hulkenberg,Audi,F50537,audi,Nico,Hulkenberg,Nico Hulkenberg,https://media.formula1.com/d_driver_fallback_image.png/content/dam/fom-website/drivers/N/NICHUL01_Nico_Hulkenberg/nichul01.png.transform/1col/image.png,,13.0,13,12.0,,,,0 days 00:01:18.348000,Finished,0.0,44.0,2026,Belgian Grand Prix,10,0.0,0.0,0.0
87,O BEARMAN,BEA,bearman,Haas F1 Team,9C9FA2,haas,Oliver,Bearman,Oliver Bearman,https://media.formula1.com/d_driver_fallback_image.png/content/dam/fom-website/drivers/O/OLIBEA01_Oliver_Bearman/olibea01.png.transform/1col/image.png,,14.0,14,14.0,,,,0 days 00:01:34.465000,Finished,0.0,44.0,2026,Belgian Grand Prix,10,0.0,0.0,0.0
23,A ALBON,ALB,albon,Williams,1868DB,williams,Alexander,Albon,Alexander Albon,https://media.formula1.com/d_driver_fallback_image.png/content/dam/fom-website/drivers/A/ALEALB01_Alexander_Albon/alealb01.png.transform/1col/image.png,,15.0,15,15.0,,,,0 days 00:01:44.684000,Finished,0.0,44.0,2026,Belgian Grand Prix,10,0.0,0.0,0.0
55,C SAINZ,SAI,sainz,Williams,1868DB,williams,Carlos,Sainz,Carlos Sainz,https://media.formula1.com/d_driver_fallback_image.png/content/dam/fom-website/drivers/C/CARSAI01_Carlos_Sainz/carsai01.png.transform/1col/image.png,,16.0,16,19.0,,,,0 days 00:01:45.856000,Finished,0.0,44.0,2026,Belgian Grand Prix,10,0.0,0.0,0.0
31,E OCON,OCO,ocon,Haas F1 Team,9C9FA2,haas,Esteban,Ocon,Esteban Ocon,https://media.formula1.com/d_driver_fallback_image.png/content/dam/fom-website/drivers/E/ESTOCO01_Esteban_Ocon/estoco01.png.transform/1col/image.png,,17.0,17,16.0,,,,0 days 00:01:50.925000,Finished,0.0,44.0,2026,Belgian Grand Prix,10,0.0,0.0,0.0
77,V BOTTAS,BOT,bottas,Cadillac,909090,cadillac,Valtteri,Bottas,Valtteri Bottas,https://media.formula1.com/d_driver_fallback_image.png/content/dam/fom-website/drivers/V/VALBOT01_Valtteri_Bottas/valbot01.png.transform/1col/image.png,,18.0,18,17.0,,,,0 days 00:01:00.979000,Lapped,0.0,43.0,2026,Belgian Grand Prix,10,0.0,0.0,0.0
14,F ALONSO,ALO,alonso,Aston Martin,229971,aston_martin,Fernando,Alonso,Fernando Alonso,https://media.formula1.com/d_driver_fallback_image.png/content/dam/fom-website/drivers/F/FERALO01_Fernando_Alonso/feralo01.png.transform/1col/image.png,,19.0,19,22.0,,,,0 days 00:00:20.848000,Lapped,0.0,42.0,2026,Belgian Grand Prix,10,0.0,0.0,0.0
18,L STROLL,STR,stroll,Aston Martin,229971,aston_martin,Lance,Stroll,Lance Stroll,https://media.formula1.com/d_driver_fallback_image.png/content/dam/fom-website/drivers/L/LANSTR01_Lance_Stroll/lanstr01.png.transform/1col/image.png,,20.0,R,20.0,,,,,Retired,0.0,25.0,2026,Belgian Grand Prix,10,0.0,0.0,0.0
11,S PEREZ,PER,perez,Cadillac,909090,cadillac,Sergio,Perez,Sergio Perez,https://media.formula1.com/d_driver_fallback_image.png/content/dam/fom-website/drivers/S/SERPER01_Sergio_Perez/serper01.png.transform/1col/image.png,,21.0,R,18.0,,,,,Retired,0.0,13.0,2026,Belgian Grand Prix,10,0.0,0.0,0.0
63,G RUSSELL,RUS,russell,Mercedes,00D7B6,mercedes,George,Russell,George Russell,https://media.formula1.com/d_driver_fallback_image.png/content/dam/fom-website/drivers/G/GEORUS01_George_Russell/georus01.png.transform/1col/image.png,,22.0,R,3.0,,,,,Retired,0.0,0.0,2026,Belgian Grand Prix,10,0.0,0.0,0.0
